"Name","URI","Method","Role","Perm"
"active.deactive","admin/categories/{category_id}/active-deactive","POST","System.Object[]","System.Object[]"
"categories.create","admin/categories/create","GET|HEAD","System.Object[]","System.Object[]"
"categories.destroy","admin/categories/{category}","DELETE","System.Object[]","System.Object[]"
"categories.edit","admin/categories/{category}/edit","GET|HEAD","System.Object[]","System.Object[]"
"categories.index","admin/categories","GET|HEAD","System.Object[]","System.Object[]"
"categories.show","admin/categories/{category}","GET|HEAD","System.Object[]","System.Object[]"
"categories.store","admin/categories","POST","System.Object[]","System.Object[]"
"categories.update","admin/categories/{category}","PUT|PATCH","System.Object[]","System.Object[]"
"check.use.medicine","admin/medicines-uses-check/{medicine}","GET|HEAD","System.Object[]","System.Object[]"
"debugbar.assets.css","_debugbar/assets/stylesheets","GET|HEAD","System.Object[]","System.Object[]"
"debugbar.assets.js","_debugbar/assets/javascript","GET|HEAD","System.Object[]","System.Object[]"
"debugbar.cache.delete","_debugbar/cache/{key}/{tags?}","DELETE","System.Object[]","System.Object[]"
"debugbar.clockwork","_debugbar/clockwork/{id}","GET|HEAD","System.Object[]","System.Object[]"
"debugbar.openhandler","_debugbar/open","GET|HEAD","System.Object[]","System.Object[]"
"emailNotification","email-notification","PUT","System.Object[]","System.Object[]"
"front.change.language","change-language","POST","System.Object[]","System.Object[]"
"generated::3otAMJRBGddF83Rw","lang-js","GET|HEAD","System.Object[]","System.Object[]"
"generated::4CcTyPBl0c349nS1","login","POST","System.Object[]","System.Object[]"
"generated::BFzOrvfIx4VB5EJz","api/medicines","GET|HEAD","System.Object[]","System.Object[]"
"generated::lbuAAWKTSG5R70lT","api/patient/{patient}/latest-consultation","GET|HEAD","System.Object[]","System.Object[]"
"generated::M3dBLpLsmgqtX2hj","debug-profile-data","GET|HEAD","System.Object[]","System.Object[]"
"generated::QfaSgDxtSg3xjO1g","confirm-password","POST","System.Object[]","System.Object[]"
"generated::S28GG3UHaYXzarnp","api/user","GET|HEAD","System.Object[]","System.Object[]"
"generated::sITwEE04y3TusflE","delete-old-patients","GET|HEAD","System.Object[]","System.Object[]"
"generated::uLEHXGNrAuvjvwN8","livewire/livewire.min.js.map","GET|HEAD","System.Object[]","System.Object[]"
"generated::UqO5Vxifi4duJhj5","register","POST","System.Object[]","System.Object[]"
"generated::zzDXCnifKrDsiT0Y","livewire/livewire.min.js","GET|HEAD","System.Object[]","System.Object[]"
"generics.create","admin/generics/create","GET|HEAD","System.Object[]","System.Object[]"
"generics.destroy","admin/generics/{generic}","DELETE","System.Object[]","System.Object[]"
"generics.edit","admin/generics/{generic}/edit","GET|HEAD","System.Object[]","System.Object[]"
"generics.index","admin/generics","GET|HEAD","System.Object[]","System.Object[]"
"generics.show","admin/generics/{generic}","GET|HEAD","System.Object[]","System.Object[]"
"generics.store","admin/generics","POST","System.Object[]","System.Object[]"
"generics.update","admin/generics/{generic}","PUT|PATCH","System.Object[]","System.Object[]"
"get-barangay","get-barangays","GET|HEAD","System.Object[]","System.Object[]"
"get-city","get-cities","GET|HEAD","System.Object[]","System.Object[]"
"get-medicine","admin/get-medicine/{medicine}","GET|HEAD","System.Object[]","System.Object[]"
"get-medicine-category","admin/get-medicine-category/{category}","GET|HEAD","System.Object[]","System.Object[]"
"get-state","get-states","GET|HEAD","System.Object[]","System.Object[]"
"ignition.executeSolution","_ignition/execute-solution","POST","System.Object[]","System.Object[]"
"ignition.healthCheck","_ignition/health-check","GET|HEAD","System.Object[]","System.Object[]"
"ignition.updateConfig","_ignition/update-config","POST","System.Object[]","System.Object[]"
"livewire.preview-file","livewire/preview-file/{filename}","GET|HEAD","System.Object[]","System.Object[]"
"livewire.update","livewire/update","POST","System.Object[]","System.Object[]"
"livewire.upload-file","livewire/upload-file","POST","System.Object[]","System.Object[]"
"log-viewer.files","log-viewer/api/files","GET|HEAD","System.Object[]","System.Object[]"
"log-viewer.files.clear-cache","log-viewer/api/files/{fileIdentifier}/clear-cache","POST","System.Object[]","System.Object[]"
"log-viewer.files.clear-cache-all","log-viewer/api/clear-cache-all","POST","System.Object[]","System.Object[]"
"log-viewer.files.delete","log-viewer/api/files/{fileIdentifier}","DELETE","System.Object[]","System.Object[]"
"log-viewer.files.delete-multiple-files","log-viewer/api/delete-multiple-files","POST","System.Object[]","System.Object[]"
"log-viewer.files.download","log-viewer/api/files/{fileIdentifier}/download","GET|HEAD","System.Object[]","System.Object[]"
"log-viewer.files.request-download","log-viewer/api/files/{fileIdentifier}/download/request","GET|HEAD","System.Object[]","System.Object[]"
"log-viewer.folders","log-viewer/api/folders","GET|HEAD","System.Object[]","System.Object[]"
"log-viewer.folders.clear-cache","log-viewer/api/folders/{folderIdentifier}/clear-cache","POST","System.Object[]","System.Object[]"
"log-viewer.folders.delete","log-viewer/api/folders/{folderIdentifier}","DELETE","System.Object[]","System.Object[]"
"log-viewer.folders.download","log-viewer/api/folders/{folderIdentifier}/download","GET|HEAD","System.Object[]","System.Object[]"
"log-viewer.folders.request-download","log-viewer/api/folders/{folderIdentifier}/download/request","GET|HEAD","System.Object[]","System.Object[]"
"log-viewer.hosts","log-viewer/api/hosts","GET|HEAD","System.Object[]","System.Object[]"
"log-viewer.index","log-viewer/{view?}","GET|HEAD","System.Object[]","System.Object[]"
"log-viewer.logs","log-viewer/api/logs","GET|HEAD","System.Object[]","System.Object[]"
"login","login","GET|HEAD","System.Object[]","System.Object[]"
"logout","logout","POST","System.Object[]","System.Object[]"
"medical","/","GET|HEAD","System.Object[]","System.Object[]"
"medicalAboutUs","medical-about-us","GET|HEAD","System.Object[]","System.Object[]"
"medicalContact","medical-contact","GET|HEAD","System.Object[]","System.Object[]"
"medicalDoctors","medical-doctors","GET|HEAD","System.Object[]","System.Object[]"
"medicalServices","medical-services","GET|HEAD","System.Object[]","System.Object[]"
"medicine-availability.create","admin/medicine-availability/create","GET|HEAD","System.Object[]","System.Object[]"
"medicine-availability.destroy","admin/medicine-availability/{medicine_availability}","DELETE","System.Object[]","System.Object[]"
"medicine-availability.edit","admin/medicine-availability/{medicine_availability}/edit","GET|HEAD","System.Object[]","System.Object[]"
"medicine-availability.excel","admin/export-medicine-availability","GET|HEAD","System.Object[]","System.Object[]"
"medicine-availability.index","admin/medicine-availability","GET|HEAD","System.Object[]","System.Object[]"
"medicine-availability.show","admin/medicine-availability/{medicine_availability}","GET|HEAD","System.Object[]","System.Object[]"
"medicine-availability.store","admin/medicine-availability","POST","System.Object[]","System.Object[]"
"medicine-availability.update","admin/medicine-availability/{medicine_availability}","PUT|PATCH","System.Object[]","System.Object[]"
"medicine-history.create","admin/medicine-history/create","GET|HEAD","System.Object[]","System.Object[]"
"medicine-history.destroy","admin/medicine-history/{medicine_history}","DELETE","System.Object[]","System.Object[]"
"medicine-history.edit","admin/medicine-history/{medicine_history}/edit","GET|HEAD","System.Object[]","System.Object[]"
"medicine-history.index","admin/medicine-history","GET|HEAD","System.Object[]","System.Object[]"
"medicine-history.show","admin/medicine-history/{medicine_history}","GET|HEAD","System.Object[]","System.Object[]"
"medicine-history.store","admin/medicine-history","POST","System.Object[]","System.Object[]"
"medicine-history.update","admin/medicine-history/{medicine_history}","PUT|PATCH","System.Object[]","System.Object[]"
"medicine.bill.pdf","admin/medicine-history-pdf/{id}","GET|HEAD","System.Object[]","System.Object[]"
"medicines.by.category","admin/medicines-by-category","GET|HEAD","System.Object[]","System.Object[]"
"medicines.create","admin/medicines/create","GET|HEAD","System.Object[]","System.Object[]"
"medicines.destroy","admin/medicines/{medicine}","DELETE","System.Object[]","System.Object[]"
"medicines.edit","admin/medicines/{medicine}/edit","GET|HEAD","System.Object[]","System.Object[]"
"medicines.index","admin/medicines","GET|HEAD","System.Object[]","System.Object[]"
"medicines.show","admin/medicines/{medicine}","GET|HEAD","System.Object[]","System.Object[]"
"medicines.show.modal","admin/medicines-show-modal/{medicine}","GET|HEAD","System.Object[]","System.Object[]"
"medicines.store","admin/medicines","POST","System.Object[]","System.Object[]"
"medicines.update","admin/medicines/{medicine}","PUT|PATCH","System.Object[]","System.Object[]"
"notifications.read","notification/{notification}/read","POST","System.Object[]","System.Object[]"
"notifications.read.all","read-all-notification","POST","System.Object[]","System.Object[]"
"password.confirm","confirm-password","GET|HEAD","System.Object[]","System.Object[]"
"password.email","forgot-password","POST","System.Object[]","System.Object[]"
"password.request","forgot-password","GET|HEAD","System.Object[]","System.Object[]"
"password.reset","reset-password/{token}","GET|HEAD","System.Object[]","System.Object[]"
"password.update","reset-password","POST","System.Object[]","System.Object[]"
"privacy.policy","privacy-policy","GET|HEAD","System.Object[]","System.Object[]"
"profile.setting","profile/edit","GET|HEAD","System.Object[]","System.Object[]"
"register","register","GET|HEAD","System.Object[]","System.Object[]"
"store.patient","admin/medicine-history/store-patient","POST","System.Object[]","System.Object[]"
"terms.conditions","terms-conditions","GET|HEAD","System.Object[]","System.Object[]"
"update-dark-mode","update-dark-mode","GET|HEAD","System.Object[]","System.Object[]"
"update.profile.setting","profile/update","PUT","System.Object[]","System.Object[]"
"used-medicine.index","admin/used-medicine","GET|HEAD","System.Object[]","System.Object[]"
"user.changePassword","change-user-password","PUT","System.Object[]","System.Object[]"
"verification.notice","verify-email","GET|HEAD","System.Object[]","System.Object[]"
"verification.send","email/verification-notification","POST","System.Object[]","System.Object[]"
"verification.verify","verify-email/{id}/{hash}","GET|HEAD","System.Object[]","System.Object[]"
"activity-logs.export","admin/activity-logs/export","GET|HEAD","clinic_admin","System.Object[]"
"activity-logs.index","admin/activity-logs","GET|HEAD","clinic_admin","System.Object[]"
"activity-logs.show","admin/activity-logs/{id}","GET|HEAD","clinic_admin","System.Object[]"
"add.qualification","admin/add-qualification","POST","clinic_admin","manage_doctors"
"admin.dashboard","admin/dashboard","GET|HEAD","clinic_admin","manage_admin_dashboard"
"banner.edit","admin/banner/{banner}/edit","GET|HEAD","clinic_admin","manage_front_cms"
"banner.index","admin/banner","GET|HEAD","clinic_admin","manage_front_cms"
"banner.update","admin/banner/{banner}","PUT|PATCH","clinic_admin","manage_front_cms"
"barangays.create","admin/barangays/create","GET|HEAD","clinic_admin","manage_cities"
"barangays.destroy","admin/barangays/{barangay}","DELETE","clinic_admin","manage_cities"
"barangays.edit","admin/barangays/{barangay}/edit","GET|HEAD","clinic_admin","manage_cities"
"barangays.index","admin/barangays","GET|HEAD","clinic_admin","manage_cities"
"barangays.show","admin/barangays/{barangay}","GET|HEAD","clinic_admin","manage_cities"
"barangays.store","admin/barangays","POST","clinic_admin","manage_cities"
"barangays.update","admin/barangays/{barangay}","PUT|PATCH","clinic_admin","manage_cities"
"cities-list","admin/cities-list","GET|HEAD","clinic_admin","manage_settings"
"cities.create","admin/cities/create","GET|HEAD","clinic_admin","manage_cities"
"cities.destroy","admin/cities/{city}","DELETE","clinic_admin","manage_cities"
"cities.edit","admin/cities/{city}/edit","GET|HEAD","clinic_admin","manage_cities"
"cities.index","admin/cities","GET|HEAD","clinic_admin","manage_cities"
"cities.show","admin/cities/{city}","GET|HEAD","clinic_admin","manage_cities"
"cities.store","admin/cities","POST","clinic_admin","manage_cities"
"cities.update","admin/cities/{city}","PUT|PATCH","clinic_admin","manage_cities"
"cms.index","admin/cms","GET|HEAD","clinic_admin","manage_front_cms"
"cms.update","admin/cms","POST","clinic_admin","manage_front_cms"
"countries.create","admin/countries/create","GET|HEAD","clinic_admin","manage_countries"
"countries.destroy","admin/countries/{country}","DELETE","clinic_admin","manage_countries"
"countries.edit","admin/countries/{country}/edit","GET|HEAD","clinic_admin","manage_countries"
"countries.index","admin/countries","GET|HEAD","clinic_admin","manage_countries"
"countries.show","admin/countries/{country}","GET|HEAD","clinic_admin","manage_countries"
"countries.store","admin/countries","POST","clinic_admin","manage_countries"
"countries.update","admin/countries/{country}","PUT|PATCH","clinic_admin","manage_countries"
"doctor.status","admin/doctor-status","PUT","clinic_admin","manage_doctors"
"doctors.create","admin/doctors/create","GET|HEAD","clinic_admin","manage_doctors"
"doctors.destroy","admin/doctors/{doctor}","DELETE","clinic_admin","manage_doctors"
"doctors.edit","admin/doctors/{doctor}/edit","GET|HEAD","clinic_admin","manage_doctors"
"doctors.index","admin/doctors","GET|HEAD","clinic_admin","manage_doctors"
"doctors.show","admin/doctors/{doctor}","GET|HEAD","clinic_admin","manage_doctors"
"doctors.store","admin/doctors","POST","clinic_admin","manage_doctors"
"doctors.update","admin/doctors/{doctor}","PUT|PATCH","clinic_admin","manage_doctors"
"emailVerified","admin/email-verified","POST","clinic_admin","System.Object[]"
"generated::jLrpMvJhBbcconj0","admin/countries/{country}","POST","clinic_admin","manage_countries"
"generated::JntKCtPXbSLmnoDt","admin/logs","GET|HEAD","clinic_admin","System.Object[]"
"generated::Of4Nxa5FnPuitWlF","admin/states/{state}","POST","clinic_admin","manage_states"
"get-last-consultation","admin/get-last-consultation","GET|HEAD","clinic_admin","manage_request_documents"
"impersonate","admin/impersonate/{id}","GET|HEAD","clinic_admin","System.Object[]"
"impersonate.leave","admin/impersonate-leave","GET|HEAD","clinic_admin","System.Object[]"
"patient-queue.call-next","admin/patient-queue/{patientQueue}/call-next","POST","clinic_admin","manage_patients"
"patient-queue.complete","admin/patient-queue/{patientQueue}/complete","POST","clinic_admin","manage_patients"
"patient-queue.create","admin/patient-queue/create","GET|HEAD","clinic_admin","manage_patients"
"patient-queue.destroy","admin/patient-queue/{patientQueue}","DELETE","clinic_admin","manage_patients"
"patient-queue.edit","admin/patient-queue/{patientQueue}/edit","GET|HEAD","clinic_admin","manage_patients"
"patient-queue.index","admin/patient-queue","GET|HEAD","clinic_admin","manage_patients"
"patient-queue.store","admin/patient-queue","POST","clinic_admin","manage_patients"
"patient-queue.update","admin/patient-queue/{patientQueue}","PUT","clinic_admin","manage_patients"
"patientData.dashboard","admin/dashboard-patients","GET|HEAD","clinic_admin","System.Object[]"
"patients.create","admin/patients/create","GET|HEAD","clinic_admin","manage_patients"
"patients.destroy","admin/patients/{patient}","DELETE","clinic_admin","manage_patients"
"patients.edit","admin/patients/{patient}/edit","GET|HEAD","clinic_admin","manage_patients"
"patients.index","admin/patients","GET|HEAD","clinic_admin","manage_patients"
"patients.reset.password","admin/patients/{user}/reset-password","POST","clinic_admin","manage_patients"
"patients.show","admin/patients/{patient}","GET|HEAD","clinic_admin","manage_patients"
"patients.showMyHistory","admin/patients/{patient}/history","GET|HEAD","clinic_admin","manage_patients"
"patients.store","admin/patients","POST","clinic_admin","manage_patients"
"patients.update","admin/patients/{patient}","PUT|PATCH","clinic_admin","manage_patients"
"prescription.medicine.show","admin/prescription-medicine-show/{id}","GET|HEAD","clinic_admin","System.Object[]"
"prescription.medicine.store","admin/prescription-medicine","POST","clinic_admin","System.Object[]"
"prescription.status","admin/prescriptions/{prescription}/active-deactive","POST","clinic_admin","System.Object[]"
"prescriptions.create","admin/patients/{patientId}/prescription-create","GET|HEAD","clinic_admin","System.Object[]"
"prescriptions.destroy","admin/prescriptions/{prescription}","DELETE","clinic_admin","System.Object[]"
"prescriptions.edit","admin/prescriptions/{prescription}/edit","GET|HEAD","clinic_admin","System.Object[]"
"prescriptions.pdf","admin/prescription-pdf/{id}","GET|HEAD","clinic_admin","System.Object[]"
"prescriptions.show","admin/prescriptions/{prescription}","GET|HEAD","clinic_admin","System.Object[]"
"prescriptions.store","admin/prescriptions","POST","clinic_admin","System.Object[]"
"prescriptions.update","admin/prescriptions/{prescription}","PUT|PATCH","clinic_admin","System.Object[]"
"request-documents.create","admin/request-documents/create","GET|HEAD","clinic_admin","manage_request_documents"
"request-documents.destroy","admin/request-documents/{request_document}","DELETE","clinic_admin","manage_request_documents"
"request-documents.edit","admin/request-documents/{request_document}/edit","GET|HEAD","clinic_admin","manage_request_documents"
"request-documents.export-pdf","admin/request-documents/{id}/export-pdf","GET|HEAD","clinic_admin","manage_request_documents"
"request-documents.index","admin/request-documents","GET|HEAD","clinic_admin","manage_request_documents"
"request-documents.show","admin/request-documents/{request_document}","GET|HEAD","clinic_admin","manage_request_documents"
"request-documents.store","admin/request-documents","POST","clinic_admin","manage_request_documents"
"request-documents.update","admin/request-documents/{request_document}","PUT|PATCH","clinic_admin","manage_request_documents"
"resend.email.verification","admin/email/verification-notification/{userId}","POST","clinic_admin","System.Object[]"
"roles.create","admin/roles/create","GET|HEAD","clinic_admin","manage_roles"
"roles.destroy","admin/roles/{role}","DELETE","clinic_admin","manage_roles"
"roles.edit","admin/roles/{role}/edit","GET|HEAD","clinic_admin","manage_roles"
"roles.index","admin/roles","GET|HEAD","clinic_admin","manage_roles"
"roles.show","admin/roles/{role}","GET|HEAD","clinic_admin","manage_roles"
"roles.store","admin/roles","POST","clinic_admin","manage_roles"
"roles.update","admin/roles/{role}","PUT|PATCH","clinic_admin","manage_roles"
"search-users","admin/search-users","GET|HEAD","clinic_admin","manage_request_documents"
"setting.index","admin/settings","GET|HEAD","clinic_admin","manage_settings"
"setting.update","admin/settings","POST","clinic_admin","manage_settings"
"specializations.create","admin/specializations/create","GET|HEAD","clinic_admin","manage_specialties"
"specializations.destroy","admin/specializations/{specialization}","DELETE","clinic_admin","manage_specialties"
"specializations.edit","admin/specializations/{specialization}/edit","GET|HEAD","clinic_admin","manage_specialties"
"specializations.index","admin/specializations","GET|HEAD","clinic_admin","manage_specialties"
"specializations.show","admin/specializations/{specialization}","GET|HEAD","clinic_admin","manage_specialties"
"specializations.store","admin/specializations","POST","clinic_admin","manage_specialties"
"specializations.update","admin/specializations/{specialization}","PUT|PATCH","clinic_admin","manage_specialties"
"staffs.create","admin/staffs/create","GET|HEAD","clinic_admin","manage_staff"
"staffs.destroy","admin/staffs/{staff}","DELETE","clinic_admin","manage_staff"
"staffs.edit","admin/staffs/{staff}/edit","GET|HEAD","clinic_admin","manage_staff"
"staffs.index","admin/staffs","GET|HEAD","clinic_admin","manage_staff"
"staffs.show","admin/staffs/{staff}","GET|HEAD","clinic_admin","manage_staff"
"staffs.store","admin/staffs","POST","clinic_admin","manage_staff"
"staffs.update","admin/staffs/{staff}","PUT|PATCH","clinic_admin","manage_staff"
"states-list","admin/states-list","GET|HEAD","clinic_admin","manage_settings"
"states.create","admin/states/create","GET|HEAD","clinic_admin","manage_states"
"states.destroy","admin/states/{state}","DELETE","clinic_admin","manage_states"
"states.edit","admin/states/{state}/edit","GET|HEAD","clinic_admin","manage_states"
"states.index","admin/states","GET|HEAD","clinic_admin","manage_states"
"states.show","admin/states/{state}","GET|HEAD","clinic_admin","manage_states"
"states.store","admin/states","POST","clinic_admin","manage_states"
"states.update","admin/states/{state}","PUT|PATCH","clinic_admin","manage_states"
"doctors.active.deactive","doctors/categories/{category_id}/active-deactive","POST","doctor","manage_medicines"
"doctors.activity-logs.export","doctors/activity-logs/export/csv","GET|HEAD","doctor","System.Object[]"
"doctors.activity-logs.index","doctors/activity-logs","GET|HEAD","doctor","System.Object[]"
"doctors.activity-logs.show","doctors/activity-logs/{activityLog}","GET|HEAD","doctor","System.Object[]"
"doctors.categories.create","doctors/categories/create","GET|HEAD","doctor","manage_medicines"
"doctors.categories.destroy","doctors/categories/{category}","DELETE","doctor","manage_medicines"
"doctors.categories.edit","doctors/categories/{category}/edit","GET|HEAD","doctor","manage_medicines"
"doctors.categories.index","doctors/categories","GET|HEAD","doctor","manage_medicines"
"doctors.categories.show","doctors/categories/{category}","GET|HEAD","doctor","manage_medicines"
"doctors.categories.store","doctors/categories","POST","doctor","manage_medicines"
"doctors.categories.update","doctors/categories/{category}","PUT|PATCH","doctor","manage_medicines"
"doctors.check.use.medicine","doctors/medicines-uses-check/{medicine}","GET|HEAD","doctor","manage_medicines"
"doctors.dashboard","doctors/dashboard","GET|HEAD","doctor","System.Object[]"
"doctors.doctors.detail","doctors/doctors/{doctor}","GET|HEAD","doctor","System.Object[]"
"doctors.generics.create","doctors/generics/create","GET|HEAD","doctor","manage_medicines"
"doctors.generics.destroy","doctors/generics/{generic}","DELETE","doctor","manage_medicines"
"doctors.generics.edit","doctors/generics/{generic}/edit","GET|HEAD","doctor","manage_medicines"
"doctors.generics.index","doctors/generics","GET|HEAD","doctor","manage_medicines"
"doctors.generics.show","doctors/generics/{generic}","GET|HEAD","doctor","manage_medicines"
"doctors.generics.store","doctors/generics","POST","doctor","manage_medicines"
"doctors.generics.update","doctors/generics/{generic}","PUT|PATCH","doctor","manage_medicines"
"doctors.get-medicine","doctors/get-medicine/{medicine}","GET|HEAD","doctor","manage_medicines"
"doctors.get-medicine-category","doctors/get-medicine-category/{category}","GET|HEAD","doctor","manage_medicines"
"doctors.medicine-availability.create","doctors/medicine-availability/create","GET|HEAD","doctor","manage_medicines"
"doctors.medicine-availability.destroy","doctors/medicine-availability/{medicine_availability}","DELETE","doctor","manage_medicines"
"doctors.medicine-availability.edit","doctors/medicine-availability/{medicine_availability}/edit","GET|HEAD","doctor","manage_medicines"
"doctors.medicine-availability.excel","doctors/export-medicine-availability","GET|HEAD","doctor","manage_medicines"
"doctors.medicine-availability.index","doctors/medicine-availability","GET|HEAD","doctor","manage_medicines"
"doctors.medicine-availability.show","doctors/medicine-availability/{medicine_availability}","GET|HEAD","doctor","manage_medicines"
"doctors.medicine-availability.store","doctors/medicine-availability","POST","doctor","manage_medicines"
"doctors.medicine-availability.update","doctors/medicine-availability/{medicine_availability}","PUT|PATCH","doctor","manage_medicines"
"doctors.medicine-history.create","doctors/medicine-history/create","GET|HEAD","doctor","manage_medicines"
"doctors.medicine-history.destroy","doctors/medicine-history/{medicine_history}","DELETE","doctor","manage_medicines"
"doctors.medicine-history.edit","doctors/medicine-history/{medicine_history}/edit","GET|HEAD","doctor","manage_medicines"
"doctors.medicine-history.index","doctors/medicine-history","GET|HEAD","doctor","manage_medicines"
"doctors.medicine-history.show","doctors/medicine-history/{medicine_history}","GET|HEAD","doctor","manage_medicines"
"doctors.medicine-history.store","doctors/medicine-history","POST","doctor","manage_medicines"
"doctors.medicine-history.update","doctors/medicine-history/{medicine_history}","PUT|PATCH","doctor","manage_medicines"
"doctors.medicine.bill.pdf","doctors/medicine-history-pdf/{id}","GET|HEAD","doctor","manage_medicines"
"doctors.medicines.by.category","doctors/medicines-by-category","GET|HEAD","doctor","manage_medicines"
"doctors.medicines.create","doctors/medicines/create","GET|HEAD","doctor","manage_medicines"
"doctors.medicines.destroy","doctors/medicines/{medicine}","DELETE","doctor","manage_medicines"
"doctors.medicines.edit","doctors/medicines/{medicine}/edit","GET|HEAD","doctor","manage_medicines"
"doctors.medicines.index","doctors/medicines","GET|HEAD","doctor","manage_medicines"
"doctors.medicines.show","doctors/medicines/{medicine}","GET|HEAD","doctor","manage_medicines"
"doctors.medicines.show.modal","doctors/medicines-show-modal/{medicine}","GET|HEAD","doctor","manage_medicines"
"doctors.medicines.store","doctors/medicines","POST","doctor","manage_medicines"
"doctors.medicines.update","doctors/medicines/{medicine}","PUT|PATCH","doctor","manage_medicines"
"doctors.patient-queue.call-next","doctors/patient-queue/{patientQueue}/call-next","POST","doctor","System.Object[]"
"doctors.patient-queue.complete","doctors/patient-queue/{patientQueue}/complete","POST","doctor","System.Object[]"
"doctors.patient-queue.index","doctors/patient-queue","GET|HEAD","doctor","System.Object[]"
"doctors.patient-queue.view-consultation","doctors/patient-queue/{patientQueue}/consultation","GET|HEAD","doctor","System.Object[]"
"doctors.patient.detail","doctors/patients-detail/{patient}","GET|HEAD","doctor","System.Object[]"
"doctors.patients.create","doctors/patients/create","GET|HEAD","doctor","manage_patients"
"doctors.patients.destroy","doctors/patients/{patient}","DELETE","doctor","manage_patients"
"doctors.patients.edit","doctors/patients/{patient}/edit","GET|HEAD","doctor","manage_patients"
"doctors.patients.index","doctors/patients","GET|HEAD","doctor","manage_patients"
"doctors.patients.reset.password","doctors/patients/{user}/reset-password","POST","doctor","manage_patients"
"doctors.patients.show","doctors/patients/{patient}","GET|HEAD","doctor","manage_patients"
"doctors.patients.showMyHistory","doctors/patients/{patient}/history","GET|HEAD","doctor","manage_patients"
"doctors.patients.store","doctors/patients","POST","doctor","manage_patients"
"doctors.patients.update","doctors/patients/{patient}","PUT|PATCH","doctor","manage_patients"
"doctors.prescription.medicine.show","doctors/prescription-medicine-show/{id}","GET|HEAD","doctor","System.Object[]"
"doctors.prescription.medicine.store","doctors/prescription-medicine","POST","doctor","System.Object[]"
"doctors.prescription.status","doctors/prescriptions/{prescription}/active-deactive","POST","doctor","System.Object[]"
"doctors.prescriptions.create","doctors/patients/{patientId}/prescription-create","GET|HEAD","doctor","System.Object[]"
"doctors.prescriptions.destroy","doctors/prescriptions/{prescription}","DELETE","doctor","System.Object[]"
"doctors.prescriptions.edit","doctors/prescriptions/{prescription}/edit","GET|HEAD","doctor","System.Object[]"
"doctors.prescriptions.index","doctors/prescriptions","GET|HEAD","doctor","System.Object[]"
"doctors.prescriptions.pdf","doctors/prescription-pdf/{id}","GET|HEAD","doctor","System.Object[]"
"doctors.prescriptions.show","doctors/prescriptions/{prescription}","GET|HEAD","doctor","System.Object[]"
"doctors.prescriptions.store","doctors/prescriptions","POST","doctor","System.Object[]"
"doctors.prescriptions.update","doctors/prescriptions/{prescription}","PUT|PATCH","doctor","System.Object[]"
"doctors.request-documents.create","doctors/request-documents/create","GET|HEAD","doctor","manage_request_documents"
"doctors.request-documents.destroy","doctors/request-documents/{request_document}","DELETE","doctor","manage_request_documents"
"doctors.request-documents.edit","doctors/request-documents/{request_document}/edit","GET|HEAD","doctor","manage_request_documents"
"doctors.request-documents.export-pdf","doctors/request-documents/{id}/export-pdf","GET|HEAD","doctor","manage_request_documents"
"doctors.request-documents.get-last-consultation","doctors/request-documents/get-last-consultation","GET|HEAD","doctor","System.Object[]"
"doctors.request-documents.index","doctors/request-documents","GET|HEAD","doctor","manage_request_documents"
"doctors.request-documents.search-users","doctors/request-documents/search-users","GET|HEAD","doctor","System.Object[]"
"doctors.request-documents.show","doctors/request-documents/{request_document}","GET|HEAD","doctor","manage_request_documents"
"doctors.request-documents.store","doctors/request-documents","POST","doctor","manage_request_documents"
"doctors.request-documents.update","doctors/request-documents/{request_document}","PUT|PATCH","doctor","manage_request_documents"
"doctors.resend.email.verification","doctors/email/verification-notification/{userId}","POST","doctor","manage_patients"
"doctors.specializations.create","doctors/specializations/create","GET|HEAD","doctor","manage_specialties"
"doctors.specializations.destroy","doctors/specializations/{specialization}","DELETE","doctor","manage_specialties"
"doctors.specializations.edit","doctors/specializations/{specialization}/edit","GET|HEAD","doctor","manage_specialties"
"doctors.specializations.index","doctors/specializations","GET|HEAD","doctor","manage_specialties"
"doctors.specializations.show","doctors/specializations/{specialization}","GET|HEAD","doctor","manage_specialties"
"doctors.specializations.store","doctors/specializations","POST","doctor","manage_specialties"
"doctors.specializations.update","doctors/specializations/{specialization}","PUT|PATCH","doctor","manage_specialties"
"doctors.store.patient","doctors/medicine-history/store-patient","POST","doctor","manage_medicines"
"doctors.used-medicine.index","doctors/used-medicine","GET|HEAD","doctor","manage_medicines"
"patients.change-default-password","patients/change-default-password","POST","patient","System.Object[]"
"patients.dashboard","patients/dashboard","GET|HEAD","patient","System.Object[]"
"patients.patientData.dashboard","patients/dashboard-patients","GET|HEAD","patient","System.Object[]"
"patients.prescription.medicine.show","patients/prescription-medicine-show/{id}","GET|HEAD","patient","System.Object[]"
"patients.prescription.medicine.store","patients/prescription-medicine","POST","patient","System.Object[]"
"patients.prescription.status","patients/prescriptions/{prescription}/active-deactive","POST","patient","System.Object[]"
"patients.prescriptions.create","patients/patients/{patientId}/prescription-create","GET|HEAD","patient","System.Object[]"
"patients.prescriptions.destroy","patients/prescriptions/{prescription}","DELETE","patient","System.Object[]"
"patients.prescriptions.edit","patients/prescriptions/{prescription}/edit","GET|HEAD","patient","System.Object[]"
"patients.prescriptions.pdf","patients/prescription-pdf/{id}","GET|HEAD","patient","System.Object[]"
"patients.prescriptions.show","patients/prescriptions/{prescription}","GET|HEAD","patient","System.Object[]"
"patients.prescriptions.store","patients/prescriptions","POST","patient","System.Object[]"
"patients.prescriptions.update","patients/prescriptions/{prescription}","PUT|PATCH","patient","System.Object[]"
"staff.active.deactive","staff/categories/{category_id}/active-deactive","POST","staff","manage_medicines"
"staff.activity-logs.export","staff/activity-logs/export/csv","GET|HEAD","staff","System.Object[]"
"staff.activity-logs.index","staff/activity-logs","GET|HEAD","staff","System.Object[]"
"staff.activity-logs.show","staff/activity-logs/{activityLog}","GET|HEAD","staff","System.Object[]"
"staff.add.qualification","staff/add-qualification","POST","staff","manage_doctors"
"staff.banner.edit","staff/banner/{banner}/edit","GET|HEAD","staff","manage_front_cms"
"staff.banner.index","staff/banner","GET|HEAD","staff","manage_front_cms"
"staff.banner.update","staff/banner/{banner}","PUT|PATCH","staff","manage_front_cms"
"staff.categories.create","staff/categories/create","GET|HEAD","staff","manage_medicines"
"staff.categories.destroy","staff/categories/{category}","DELETE","staff","manage_medicines"
"staff.categories.edit","staff/categories/{category}/edit","GET|HEAD","staff","manage_medicines"
"staff.categories.index","staff/categories","GET|HEAD","staff","manage_medicines"
"staff.categories.show","staff/categories/{category}","GET|HEAD","staff","manage_medicines"
"staff.categories.store","staff/categories","POST","staff","manage_medicines"
"staff.categories.update","staff/categories/{category}","PUT|PATCH","staff","manage_medicines"
"staff.check.use.medicine","staff/medicines-uses-check/{medicine}","GET|HEAD","staff","manage_medicines"
"staff.cities-list","staff/cities-list","GET|HEAD","staff","manage_settings"
"staff.cms.index","staff/cms","GET|HEAD","staff","manage_front_cms"
"staff.cms.update","staff/cms","POST","staff","manage_front_cms"
"staff.countries.index","staff/countries","GET|HEAD","staff","manage_countries"
"staff.countries.show","staff/countries/{country}","GET|HEAD","staff","manage_countries"
"staff.dashboard","staff/dashboard","GET|HEAD","staff","System.Object[]"
"staff.doctor.status","staff/doctor-status","PUT","staff","manage_doctors"
"staff.doctors.create","staff/doctors/create","GET|HEAD","staff","manage_doctors"
"staff.doctors.destroy","staff/doctors/{doctor}","DELETE","staff","manage_doctors"
"staff.doctors.edit","staff/doctors/{doctor}/edit","GET|HEAD","staff","manage_doctors"
"staff.doctors.index","staff/doctors","GET|HEAD","staff","manage_doctors"
"staff.doctors.show","staff/doctors/{doctor}","GET|HEAD","staff","manage_doctors"
"staff.doctors.store","staff/doctors","POST","staff","manage_doctors"
"staff.doctors.update","staff/doctors/{doctor}","PUT|PATCH","staff","manage_doctors"
"staff.generics.create","staff/generics/create","GET|HEAD","staff","manage_medicines"
"staff.generics.destroy","staff/generics/{generic}","DELETE","staff","manage_medicines"
"staff.generics.edit","staff/generics/{generic}/edit","GET|HEAD","staff","manage_medicines"
"staff.generics.index","staff/generics","GET|HEAD","staff","manage_medicines"
"staff.generics.show","staff/generics/{generic}","GET|HEAD","staff","manage_medicines"
"staff.generics.store","staff/generics","POST","staff","manage_medicines"
"staff.generics.update","staff/generics/{generic}","PUT|PATCH","staff","manage_medicines"
"staff.get-medicine","staff/get-medicine/{medicine}","GET|HEAD","staff","manage_medicines"
"staff.get-medicine-category","staff/get-medicine-category/{category}","GET|HEAD","staff","manage_medicines"
"staff.medicine-availability.create","staff/medicine-availability/create","GET|HEAD","staff","manage_medicines"
"staff.medicine-availability.destroy","staff/medicine-availability/{medicine_availability}","DELETE","staff","manage_medicines"
"staff.medicine-availability.edit","staff/medicine-availability/{medicine_availability}/edit","GET|HEAD","staff","manage_medicines"
"staff.medicine-availability.excel","staff/export-medicine-availability","GET|HEAD","staff","manage_medicines"
"staff.medicine-availability.index","staff/medicine-availability","GET|HEAD","staff","manage_medicines"
"staff.medicine-availability.show","staff/medicine-availability/{medicine_availability}","GET|HEAD","staff","manage_medicines"
"staff.medicine-availability.store","staff/medicine-availability","POST","staff","manage_medicines"
"staff.medicine-availability.update","staff/medicine-availability/{medicine_availability}","PUT|PATCH","staff","manage_medicines"
"staff.medicine-history.create","staff/medicine-history/create","GET|HEAD","staff","manage_medicines"
"staff.medicine-history.destroy","staff/medicine-history/{medicine_history}","DELETE","staff","manage_medicines"
"staff.medicine-history.edit","staff/medicine-history/{medicine_history}/edit","GET|HEAD","staff","manage_medicines"
"staff.medicine-history.index","staff/medicine-history","GET|HEAD","staff","manage_medicines"
"staff.medicine-history.show","staff/medicine-history/{medicine_history}","GET|HEAD","staff","manage_medicines"
"staff.medicine-history.store","staff/medicine-history","POST","staff","manage_medicines"
"staff.medicine-history.update","staff/medicine-history/{medicine_history}","PUT|PATCH","staff","manage_medicines"
"staff.medicine.bill.pdf","staff/medicine-history-pdf/{id}","GET|HEAD","staff","manage_medicines"
"staff.medicines.by.category","staff/medicines-by-category","GET|HEAD","staff","manage_medicines"
"staff.medicines.create","staff/medicines/create","GET|HEAD","staff","manage_medicines"
"staff.medicines.destroy","staff/medicines/{medicine}","DELETE","staff","manage_medicines"
"staff.medicines.edit","staff/medicines/{medicine}/edit","GET|HEAD","staff","manage_medicines"
"staff.medicines.index","staff/medicines","GET|HEAD","staff","manage_medicines"
"staff.medicines.show","staff/medicines/{medicine}","GET|HEAD","staff","manage_medicines"
"staff.medicines.show.modal","staff/medicines-show-modal/{medicine}","GET|HEAD","staff","manage_medicines"
"staff.medicines.store","staff/medicines","POST","staff","manage_medicines"
"staff.medicines.update","staff/medicines/{medicine}","PUT|PATCH","staff","manage_medicines"
"staff.patient-queue.call-next","staff/patient-queue/{patientQueue}/call-next","POST","staff","manage_patients"
"staff.patient-queue.complete","staff/patient-queue/{patientQueue}/complete","POST","staff","manage_patients"
"staff.patient-queue.create","staff/patient-queue/create","GET|HEAD","staff","manage_patients"
"staff.patient-queue.destroy","staff/patient-queue/{patient_queue}","DELETE","staff","manage_patients"
"staff.patient-queue.edit","staff/patient-queue/{patient_queue}/edit","GET|HEAD","staff","manage_patients"
"staff.patient-queue.index","staff/patient-queue","GET|HEAD","staff","manage_patients"
"staff.patient-queue.show","staff/patient-queue/{patient_queue}","GET|HEAD","staff","manage_patients"
"staff.patient-queue.store","staff/patient-queue","POST","staff","manage_patients"
"staff.patient-queue.update","staff/patient-queue/{patient_queue}","PUT|PATCH","staff","manage_patients"
"staff.patients.create","staff/patients/create","GET|HEAD","staff","manage_patients"
"staff.patients.destroy","staff/patients/{patient}","DELETE","staff","manage_patients"
"staff.patients.edit","staff/patients/{patient}/edit","GET|HEAD","staff","manage_patients"
"staff.patients.index","staff/patients","GET|HEAD","staff","manage_patients"
"staff.patients.reset.password","staff/patients/{user}/reset-password","POST","staff","manage_patients"
"staff.patients.show","staff/patients/{patient}","GET|HEAD","staff","manage_patients"
"staff.patients.showMyHistory","staff/patients/{patient}/history","GET|HEAD","staff","manage_patients"
"staff.patients.store","staff/patients","POST","staff","manage_patients"
"staff.patients.update","staff/patients/{patient}","PUT|PATCH","staff","manage_patients"
"staff.prescription.medicine.show","staff/prescription-medicine-show/{id}","GET|HEAD","staff","System.Object[]"
"staff.prescription.medicine.store","staff/prescription-medicine","POST","staff","System.Object[]"
"staff.prescription.status","staff/prescriptions/{prescription}/active-deactive","POST","staff","System.Object[]"
"staff.prescriptions.create","staff/patients/{patientId}/prescription-create","GET|HEAD","staff","System.Object[]"
"staff.prescriptions.destroy","staff/prescriptions/{prescription}","DELETE","staff","System.Object[]"
"staff.prescriptions.edit","staff/prescriptions/{prescription}/edit","GET|HEAD","staff","System.Object[]"
"staff.prescriptions.pdf","staff/prescription-pdf/{id}","GET|HEAD","staff","System.Object[]"
"staff.prescriptions.show","staff/prescriptions/{prescription}","GET|HEAD","staff","System.Object[]"
"staff.prescriptions.store","staff/prescriptions","POST","staff","System.Object[]"
"staff.prescriptions.update","staff/prescriptions/{prescription}","PUT|PATCH","staff","System.Object[]"
"staff.request-documents.create","staff/request-documents/create","GET|HEAD","staff","manage_request_documents"
"staff.request-documents.destroy","staff/request-documents/{request_document}","DELETE","staff","manage_request_documents"
"staff.request-documents.edit","staff/request-documents/{request_document}/edit","GET|HEAD","staff","manage_request_documents"
"staff.request-documents.export-pdf","staff/request-documents/{id}/export-pdf","GET|HEAD","staff","manage_request_documents"
"staff.request-documents.get-last-consultation","staff/request-documents/get-last-consultation","GET|HEAD","staff","System.Object[]"
"staff.request-documents.index","staff/request-documents","GET|HEAD","staff","manage_request_documents"
"staff.request-documents.search-users","staff/request-documents/search-users","GET|HEAD","staff","System.Object[]"
"staff.request-documents.show","staff/request-documents/{request_document}","GET|HEAD","staff","manage_request_documents"
"staff.request-documents.store","staff/request-documents","POST","staff","manage_request_documents"
"staff.request-documents.update","staff/request-documents/{request_document}","PUT|PATCH","staff","manage_request_documents"
"staff.resend.email.verification","staff/email/verification-notification/{userId}","POST","staff","manage_patients"
"staff.roles.index","staff/roles","GET|HEAD","staff","manage_roles"
"staff.roles.show","staff/roles/{role}","GET|HEAD","staff","manage_roles"
"staff.setting.index","staff/settings","GET|HEAD","staff","manage_settings"
"staff.specializations.create","staff/specializations/create","GET|HEAD","staff","manage_specialties"
"staff.specializations.destroy","staff/specializations/{specialization}","DELETE","staff","manage_specialties"
"staff.specializations.edit","staff/specializations/{specialization}/edit","GET|HEAD","staff","manage_specialties"
"staff.specializations.index","staff/specializations","GET|HEAD","staff","manage_specialties"
"staff.specializations.show","staff/specializations/{specialization}","GET|HEAD","staff","manage_specialties"
"staff.specializations.store","staff/specializations","POST","staff","manage_specialties"
"staff.specializations.update","staff/specializations/{specialization}","PUT|PATCH","staff","manage_specialties"
"staff.states-list","staff/states-list","GET|HEAD","staff","manage_settings"
"staff.store.patient","staff/medicine-history/store-patient","POST","staff","manage_medicines"
"staff.used-medicine.index","staff/used-medicine","GET|HEAD","staff","manage_medicines"
